{"assets/images/.DS_Store":["assets/images/.DS_Store"],"assets/images/braises-transformed.jpeg":["assets/images/braises-transformed.jpeg"],"assets/images/fusion.png":["assets/images/fusion.png"],"assets/images/java.png":["assets/images/java.png"],"assets/images/tiger.png":["assets/images/tiger.png"],"assets/sounds/pouring-coffee.wav":["assets/sounds/pouring-coffee.wav"],"assets/sounds/tiger_roar.wav":["assets/sounds/tiger_roar.wav"],"packages/cupertino_icons/assets/CupertinoIcons.ttf":["packages/cupertino_icons/assets/CupertinoIcons.ttf"]}